<?xml version="1.0" encoding="UTF-8"?><?xml-stylesheet type='text/xsl' href='_UpgradeReport_Files/UpgradeReport.xslt'?><UpgradeLog>
<Properties><Property Name="Solution" Value="pushsource">
</Property><Property Name="Solution File" Value="G:\Program Files\Microsoft SDKs\Windows\v7.1\Samples\multimedia\directshow\filters\pushsource\pushsource.sln">
</Property><Property Name="Date" Value="Thursday, July 28, 2011">
</Property><Property Name="Time" Value="15:27 PM">
</Property></Properties><Event ErrorLevel="0" Project="" Source="pushsource.sln" Description="File successfully backed up as G:\Program Files\Microsoft SDKs\Windows\v7.1\Samples\multimedia\directshow\filters\pushsource\pushsource.sln.old">
</Event><Event ErrorLevel="0" Project="PushSource" Source="PushSource.vcproj" Description="Converting project file 'G:\Program Files\Microsoft SDKs\Windows\v7.1\Samples\multimedia\directshow\filters\pushsource\PushSource.vcproj'.">
</Event><Event ErrorLevel="1" Project="PushSource" Source="PushSource.vcproj" Description="This application has been updated to include settings related to the User Account Control (UAC) feature of Windows Vista. By default, when run on Windows Vista with UAC enabled, this application is marked to run with the same privileges as the process that launched it. This marking also disables the application from running with virtualization. You can change UAC related settings from the Property Pages of the project.">
</Event><Event ErrorLevel="1" Project="PushSource" Source="PushSource.vcproj" Description="VCWebServiceProxyGeneratorTool is no longer supported. The tool has been removed from your project settings.">
</Event><Event ErrorLevel="0" Project="PushSource" Source="PushSource.vcproj" Description="Web deployment to the local IIS server is no longer supported. The Web Deployment build tool has been removed from your project settings.">
</Event><Event ErrorLevel="0" Project="PushSource" Source="PushSource.vcproj" Description="Done converting to new project file 'G:\Program Files\Microsoft SDKs\Windows\v7.1\Samples\multimedia\directshow\filters\pushsource\PushSource.vcxproj'.">
</Event><Event ErrorLevel="3" Project="PushSource" Source="PushSource.vcproj" Description="Converted">
</Event><Event ErrorLevel="0" Project="" Source="pushsource.sln" Description="Solution converted successfully">
</Event><Event ErrorLevel="3" Project="" Source="pushsource.sln" Description="Converted">
</Event></UpgradeLog>